{
  "type": "MassDriver",
  "name": "copper Mass Driver",
  "health": 115,
  "description": "Short range item transport structure. Collects small batches of items and shoots them to other copper mass drivers.",
  "itemCapacity": 25,
  "reload": 15,
  "range": 75
  "size": 1,
  "researchCostMultiplier": 0.45
  "requirements": [
    {
      "item": "copper",
      "amount": 80
    },
    {
      "item": "lead",
      "amount": 65
    }
  ],
  "category": "distribution",
  "research": "conveyor"
}
