{
  "type": "ItemTurret",
  "name": "Hellstorm",
  "description": "Fires a variety of shells to devastate enemy forces.",
  "size": 3,
  "category": "turret",
  "research": "ripple",
  "requirements": [
    "copper/180",
    "lead/200",
    "graphite/120",
    "titanium/100",
    "thorium/80",
    "surge-alloy/50"
  ],
  "reload": 180,
  "range": 320,
  "hasItems": true,
  "itemCapacity": 30,
  "minRange": 64,
  "accurateDelay": false,
  "targetAir": false,
  "targetGround": true,
  "scaledHealth": 140,
  "ammoUseEffect": "casing2",
  "velocityRnd": 0.3,
  "recoil": 7.0,
  "heatColor": "ff0000",
  "shoot": {
    "firstShotDelay": 40,
    "shots": 5,
    "shotDelay": 3,
    "chargeEffect": {
      "type": "MultiEffect",
      "effects": [
        {
          "type": "ParticleEffect",
          "particles": 30,
          "sizeFrom": 3,
          "sizeTo": 6,
          "lifetime": 60,
          "colorFrom": "00c3ff",
          "colorTo": "ff0000",
          "speed": 1.5,
          "spread": 1.0,
          "offsetX": 0,
          "offsetY": -2,
          "direction": 90
        },
        {
          "type": "WaveEffect",
          "sizeFrom": 10,
          "sizeTo": 50,
          "strokeFrom": 0,
          "strokeTo": 3,
          "colorFrom": "00c3ff",
          "colorTo": "ff0000",
          "lifetime": 60
        },
        {
          "type": "WaveEffect",
          "sizeFrom": 30,
          "sizeTo": 100,
          "strokeFrom": 0,
          "strokeTo": 6,
          "colorFrom": "ff0000",
          "colorTo": "ff7f00",
          "lifetime": 90
        }
      ]
    }
  },
  "chargeSound": "lasercharge2",
  "inaccuracy": 7,
  "consumes": {
    "coolant": {
      "amount": 0.7
    },
    "power": 6.0
  },
  "shootSound": "largeCannon",
  "ammoTypes": {
    "spore-pod": {
      "type": "ArtilleryBulletType",
      "speed": 2.5,
      "lifetime": 120,
      "splashDamage": 150,
      "splashDamageRadius": 52,
      "incendAmount": 15,
      "makeFire": true,
      "width": 20,  
      "height": 25   
    },
    "blast-compound": {
      "type": "ArtilleryBulletType",
      "speed": 2.0,
      "lifetime": 110,
      "splashDamage": 180,
      "splashDamageRadius": 64,
      "width": 20,  
      "height": 25   
    },
    "pyratite": {
      "type": "ArtilleryBulletType",
      "speed": 2.5,
      "lifetime": 120,
      "splashDamage": 140,
      "splashDamageRadius": 48,
      "incendAmount": 18,
      "makeFire": true,
      "width": 19,  
      "height": 25  
    },
    "surge-alloy": {
      "type": "ArtilleryBulletType",
      "speed": 2.8,
      "lifetime": 115,
      "splashDamage": 160,
      "splashDamageRadius": 50,
      "width": 21,  
      "height": 25   
    },
    "thorium": {
      "type": "ArtilleryBulletType",
      "speed": 2.2,
      "lifetime": 125,
      "splashDamage": 200,
      "splashDamageRadius": 68,
      "width": 23,  
      "height": 30   
    }
  },
  "upgrades": [
    ["hellstorm", "spectre"]
  ]
}