{
    "type": "ItemTurret",
    "name": "Stormbringer",
    "description": "A devastating missile launcher with a long reload time but extreme firepower.",
    "size": 3,
    "health": 1200,
    "reload": 720, 
    "range": 350,
    "targetGround": true,
    "ammoPerShot": 1,
    "inaccuracy": 0,
    "recoil": 5,
    "shootSound": "missileLaunch",
    "rotateSpeed": 4,
    "shake": 8,
    "predictTarget": true,
    "shoot": {
        "barrels": [
            [0, 10, 0]
        ]
    },
    "ammoTypes": {
        "graphite": {
            "type": "MissileBulletType",
            "damage": 150,
            "speed": 5.0,
            "lifetime": 180,
            "splashDamage": 100,
            "splashDamageRadius": 50,
            "knockback": 10,
            "width": 10,
            "height": 20
        },
        "thorium": {
            "type": "MissileBulletType",
            "damage": 200,
            "speed": 5.5,
            "lifetime": 190,
            "splashDamage": 130,
            "splashDamageRadius": 60,
            "knockback": 12,
            "status": "melting",
            "statusDuration": 240,
            "width": 12,
            "height": 24
        },
        "blast-compound": {
            "type": "MissileBulletType",
            "damage": 250,
            "speed": 6.0,
            "lifetime": 200,
            "splashDamage": 160,
            "splashDamageRadius": 70,
            "knockback": 15,
            "status": "burning",
            "statusDuration": 300,
            "width": 14,
            "height": 28
        }
    },
    "requirements": [
        { "item": "copper", "amount": 300 },
        { "item": "lead", "amount": 350 },
        { "item": "titanium", "amount": 250 },
        { "item": "silicon", "amount": 200 },
        { "item": "thorium", "amount": 150 }
    ],
    "category": "turret",
    "research": "salvo"
}