{
    "type": "ItemTurret",
    "name": "VersaBlaster",
    "description": "VersaBlaster",
    "size": 2,
    "health": 800,
    "reload": 85,
    "range": 280,
    "targetAir": false,
    "targetGround": true,
    "cooldownTime": 45,
    "coolantMultiplier": 2,
    "ammoPerShot": 10,
    "inaccuracy": 0,
    "recoil": 1,
    "shootX": 0,
    "shootY": 9,
    "researchCostMultiplier": 0.25,
    "ammoUseEffect": "casing4",
    "shootSound": "largeCannon",
    "shootCone": 5,
    "rotateSpeed": 12,
    "shake": 2,
    "recoil": 0,
    "predictTarget": true,
    "minWarmup": 0.9,
    "targetInterval": 0,
    "ammoTypes": {
        "iron": {
            "type": "BasicBulletType",
            "damage": 78,
            "height": 8,
            "width": 6,
            "speed": 7,
            "lifetime": 60,
            "knockback": 8,
            "ammoMultiplier": 5,
            "reloadMultiplier": 0.75,
            "impact": "true",
            "smokeEffect": "shootSmallSmoke"
        },
        "scrap": {
            "type": "BasicBulletType",
            "damage": 20,
            "height": 8,
            "width": 6,
            "speed": 7,
            "lifetime": 60,
            "knockback": 3,
            "ammoMultiplier": 12,
            "reloadMultiplier": 1.75,
            "impact": "true",
            "smokeEffect": "shootSmallSmoke"
        },
        "coal": {
            "type": "BasicBulletType",
            "damage": 50,
            "height": 8,
            "width": 6,
            "speed": 6,
            "lifetime": 55,
            "knockback": 5,
            "ammoMultiplier": 8,
            "reloadMultiplier": 1.25,
            "impact": "true",
            "smokeEffect": "shootSmallSmoke",
            "status": "burning",
            "statusDuration": 180
        }
    },
    "drawer": {
        "type": "DrawTurret",
        "parts": [
            {
                "type": "regionPart",
                "progress": "recoil",
                "suffix": "-barrel",
                "under": "true",
                "moveY": -4
            },
            {
                "type": "regionPart",
                "progress": "recoil",
                "suffix": "-mid",
                "under": "true",
                "moveY": -2
            },
            {
                "type": "regionPart",
                "suffix": "-body",
                "under": "true"
            }
        ]
    },
    "consumes": {
        "coolant": {
            "amount": 0.4,
            "optional": true
        }
    },
    "requirements": [
        {
            "item": "copper",
            "amount": 260
        },
        {
            "item": "lead",
            "amount": 145
        },
        {
            "item": "graphite",
            "amount": 95
        },
        {
            "item": "iron",
            "amount": 45
        },
        {
            "item": "silicon",
            "amount": 60
        }
    ],
    "category": "turret",
    "research": "duo"
}