{
  "type": "tank",
  "name": "ACR Lucerne",
  "description": null,
  "hitSize": 8,
  "singleTarget": true,
  "omniMovement": false,
  "rotateMoveFirst": true,
  "faceTarget": false,
  "targetAir": false,
  "targetGround": true,
  "health": 180,
  "armor": 1,
  "speed": 0.81,
  "rotateSpeed": 2,
  "itemCapacity": 0,
  "treadRects": [
    {
      "x": 5,
      "y": 0,
      "height": 33,
      "width": 19,
      "treadFrames": 6
    }
  ],
  "weapons": [
    {
      "name": "ACR Lucerne-top",
      "layerOffset": 0,
      "x": 0,
      "y": 0,
      "shoot": {
        "shots": 2,
        "shotDelay": 8
      },
      "shootSound": "pew",
      "reload": 110,
      "recoil": 1,
      "recoilTime": 32,
      "rotate": true,
      "rotateSpeed": 2,
      "mirror": false,
      "shootCone": 2,
      "inaccuracy": 2,
      "shootY": 7,
      "bullet": {
        "type": "BasicBulletType",
        "damage": 36,
        "speed": 7,
        "width": 6,
        "height": 8,
        "bulletShrink": 0.5,
        "collidesAir": false,
        "frontColor": "FFFFFF",
        "backColor": "FFA166",
        "lifetime": 21,
        "knockback": 5,
        "pierce": false,
        "ammoMultiplier": 1,
        "trailColor": "FFA166",
        "trailEffect": "none",
        "trailWidth": 2,
        "trailLength": 10,
        "hitSound": "explosion"
      },
		},
	],
	"research": {
  "parent": "tank-factory-I",
  "requirements": [
    {"item": "iron", "amount": 650},
	{ "item": "graphite", "amount": 450},
	{ "item": "silicon", "amount": 200},
  ],
	},
}
