{
  "name": "Tank factory I level",
  "description": "Build tanks I level",
  "type": "UnitFactory",
  "health": 125,
  "size": 3,
  "requirements": [
    { "item": "copper", "amount": 260 },
    { "item": "lead", "amount": 120 }
  ],
  "consumes": {},
  "plans": [
    {
      "unit": "Wasser",
      "requirements": [
        { "item": "iron", "amount": 45 },
        { "item": "graphite", "amount": 80 },
        { "item": "silicon", "amount": 50 }
      ],
      "time": 1950
    },
    {
      "unit": "ACR Lucerne",
      "requirements": [
        { "item": "iron", "amount": 20},
        { "item": "graphite", "amount": 30 },
        { "item": "silicon", "amount": 15 }
      ],
      "time": 800
    }
  ],
  "unitCapModifier": 0,
  "research": {
    "parent": "ground-factory",
    "visible": true,
    "requirements": [
      { "item": "copper", "amount": 1800 },
      { "item": "lead", "amount": 950 }
    ],
    "objectives": [
      {
        "type": "capturedSector",
        "preset": "groundZero"
      }
    ]
  },
  "category": "units"
}