{
	"type": "GenericCrafter",
	"name": "iron furnace",
	"description": "iron furnace Melt raw ore into ore bars.",
	"size": 2,
	"health": 350,
	"outputItem": {
		"item": "iron",
		"amount": 1
	},
	"hasPower": true,
	"hasItems": true,
        "buildCostMultiplier": 0.35,
	"itemCapacity": 10,
	"craftTime": 350,
	"updateEffect": "smeltsmoke",
	"drawer": {
		"type": "drawMulti",
		"drawers": [
			{
			"type": "drawDefault"
			},
			{
			"type": "drawFlame"
			}
		]
	},
	"consumes": {
		"power": 0.75,
		"items": {
			"items": [{
					"item": "scrap",
					"amount": 6
				}
			]
		}
	},
	"requirements": [
		{
			"item": "copper",
			"amount": 140
		},
		{
			"item": "lead",
			"amount": 100
		}
	],
	"category": "crafting",
	"research": "mechanical-drill"
}