{
  "type": "GenericCrafter",
  "name": "Iron Mixing Furnace",
  "description": "Iron Mixing Furnace",
  "health": 195,
  "size": 2,
  "hasItems": true,
  "itemCapacity": 20,
  "craftTime": 95,
  "researchCostMultiplier": 0.3,
  "requirements": [
    { "item": "copper", "amount": 220 },
    { "item": "graphite", "amount": 85 },
    { "item": "lead", "amount": 120 }
  ],
  "consumes": {
    "items": [
      { "item": "graphite", "amount": 4 },
      { "item": "silicon", "amount": 3 }
    ]
  },
  "outputItem": {
    "item": "iron",
    "amount": 2
  },
  "category": "crafting",
  "research": "iron furnace",
  "idleSound": "respawning",
  "idleSoundVolume": 0.5,
  "drawer": {
    "type": "DrawMulti",
    "drawers": [
      {
        "type": "DrawDefault"
      },
      {
        "type": "DrawRegion",
        "suffix": "-rotator",
        "spinSprite": true,
        "rotateSpeed": 0.8
      },
      {
        "type": "DrawRegion",
        "suffix": "-top"
      }
    ]
  }
}