{
  "type": "GenericCrafter",
  "name": "centrifuge-enrichment",
  "description": "A centrifuge for enriching uranium into uranium-235 with a chance-based enrichment process.",
  "size": 2,
  "health": 320,
  "buildCostMultiplier": 0.5,
  "requirements": [
    { "item": "Uranium-252", "amount": 10 },
    { "item": "lead", "amount": 120 },
    { "item": "graphite", "amount": 80 }
  ],
  "craftTime": 120,
  "outputItems": [
    { "item": "Uranium-235", "amount": 1, }
  ],
  "research": "centrifuge-enrichment",
  "category": "crafting",
  "hasPower": true,
  "hasItems": true,
  "itemCapacity": 10,
  "consumes": {
    "power": 25,
    "items": [
      { "item": "Uranium-252", "amount": 2 },
      { "item": "lead", "amount": 10}
    ]
  },
  "effect": {
    "type": "ParticleEffect",
    "particles": 20,
    "sizeFrom": 1,
    "sizeTo": 0.5,
    "lifetime": 10,
    "colorFrom": "00FF00",
    "colorTo": "FF4500",
    "length": 5,
    "drawer": {
      "type": "drawMulti",
      "drawers": [
        {
          "type": "drawDefault"
        },
        {
          "type": "drawGlowRegion",
          "suffix": "-rim",
          "color": "FFFFFF50"
        },
        {
          "type": "drawGlowRegion",
          "suffix": "-light",
          "color": "FFFF0050"
        }
      ]
    }
  }
}