{
  "type": "GenericCrafter",
  "name": "Iron Mixing Furnace",
  "description": "Iron Mixing Furnace",
  "health": 195,
  "size": 3,
  "hasItems": true,
  "hasPower": true,
  "itemCapacity": 20,
  "craftTime": 140,
  "researchCostMultiplier": 0.3,
  "power": 2.5,
  "craftEffect": "pulverizeRed",
  "updateEffect": "pulverizeRed",
  "requirements": [
    { "item": "copper", "amount": 220 },
    { "item": "lead", "amount": 180 },
    { "item": "graphite", "amount": 85 }
  ],
  "consumes": {
    "items": [
      { "item": "thorium", "amount": 5 },
      { "item": "iron", "amount": 1 },
      { "item": "lead", "amount": 3 }
    ]
  },
  "outputItem": {
    "item": "Uranium-252",
    "amount": 1
  },
  "category": "crafting",
  "research": "iron-furnace",
  "idleSound": "furnace",
  "idleSoundVolume": 0.5
}