{
  "name": "machine-drillWater",
  "description": "Produce water with machine-drillWater.",
  "type": "SolidPump",
  "health": 150,
  "size": 2,
  "buildCostMultiplier": 0.25
  "requirements": [
	{ "item": "lead", "amount": 110},
	{ "item": "copper", "amount": 190},
	{ "item": "graphite", "amount": 85},
  ],
  "result": "water",
  "attribute": "water",
  "pumpAmount": 0.05,
  "research": "mechanical-drill"
  "hasItems": false,
  "hasLiquid": true,
  
  "consumes": {
	},
  "updateEffect": "none",
  "category": "production",
  "idleSoundVolume": 0.5,
  "itemCapacity": 40,
  "liquidCapacity":30,
  "outputLiquid": { "liquid": "water", "amount": 1},
}