{
  "type": "ConsumeGenerator",
  "name": "small-nuclear-power-plant",
  "description": "If destroyed, it will explode violently.",
  "hasLiquids": true,
  "hasItems": true,
  "liquidCapacity": 45,
  "itemCapacity": 5,
  "size": 2,
  "generateEffect": "generatespark",
  "ambientSound": "smelter",
  "ambientSoundVolume": 0.4,
  "requirements": [
    { "item": "copper", "amount": 280 },
    { "item": "lead", "amount": 175 },
    { "item": "graphite", "amount": 85 },
    { "item": "silicon", "amount": 70 },
    { "item": "iron", "amount": 45 },
    { "item": "uranium-252", "amount": 1 }
  ],
  "powerProduction": 45,
  "itemDuration": 480,
  "consumes": {
    "items": [
      {
        "item": "uranium-235",
        "amount": 1
      }
    ],
    "liquids": [
      {
        "liquid": "water",
        "amount": 0.5
      }
    ]
  },
  "explosionRadius": 12,
  "explosionDamage": 3500,
  "explosionEffect": "explosion",
  "health": 325,
  "breakEffect": "explosion",
  "category": "power"
}