{
  "name": "[blue]MechaCore",
  "author": "Narm",
  "description": "[#00FFFF[]](EN)[#FFFFFF[]] MechaCore Will add various buildings to make it more convenient. code Json and hjson\n[#A30D00[]](TH)[#FFFFFF[]]MechaCore จะเพิ่มอาคารต่างๆให้สะดวกมากขึ้น code Json และ hjson",
  "subtitle": "mod Currently being built and tested ",
  "version": 0.4,
  "softDependencies": [
    "obamium-mod",
    "jarate-mod"
  ],
  "minGameVersion": "146"
}